{
  "timestamp": "2025-06-24T15:23:24.301339",
  "system_info": {
    "cpu_count": 2,
    "memory_total_gb": 3.83,
    "memory_available_gb": 0.14,
    "platform": "linux",
    "python_version": "3.12.3"
  },
  "performance_tests": {
    "matrix_performance": {
      "assembler_30m_update": {
        "avg_ms": 0.16829251099807152,
        "max_ms": 9.164026999769703,
        "min_ms": 0.08720000005268957,
        "p95_ms": 0.13481005005360203,
        "p99_ms": 2.144811990146991
      },
      "assembler_5m_update": {
        "avg_ms": 0.09307968099756181,
        "max_ms": 10.527531999741768,
        "min_ms": 0.04729999955088715,
        "p95_ms": 0.07302505014195046,
        "p99_ms": 1.2159450101671592
      },
      "matrix_access": {
        "avg_us": 5.5380369040449295,
        "max_us": 3773.012000237941,
        "min_us": 3.8999996831989847,
        "p95_us": 4.200000148557592
      }
    },
    "memory_usage": {
      "initial_memory_mb": 38.3125,
      "component_overhead_mb": 0.0,
      "final_memory_mb": 38.3125,
      "memory_growth_mb": 0.0,
      "memory_samples": [
        38.3125,
        38.3125,
        38.3125,
        38.3125,
        38.3125,
        38.3125,
        38.3125,
        38.3125,
        38.3125,
        38.3125
      ],
      "peak_memory_mb": 38.3125
    },
    "data_throughput": {
      "updates_processed": 10000,
      "total_time_s": 1.5638287370002217,
      "throughput_updates_per_sec": 6394.562117577062,
      "avg_update_time_us": 156.38287370002217
    }
  },
  "validation_analysis": {
    "report_count": 3,
    "latest_report": "20250623_134155",
    "system_growth": {
      "lines_of_code": {
        "first": 3922,
        "latest": 5846,
        "growth": 1924,
        "growth_pct": 49.056603773584904
      },
      "total_functions": {
        "first": 0,
        "latest": 0
      },
      "total_classes": {
        "first": 0,
        "latest": 0
      }
    }
  }
}